<?xml version="1.0" encoding="UTF-8"?>
<project-private xmlns="http://www.netbeans.org/ns/project-private/1">
    <editor-bookmarks xmlns="http://www.netbeans.org/ns/editor-bookmarks/2" lastBookmarkId="0"/>
    <open-files xmlns="http://www.netbeans.org/ns/projectui-open-files/2">
        <group>
            <file>file:/C:/Users/ljapo/OneDrive/Documents/NetBeansProjects/JavaApplication46/src/javaapplication46/JavaApplication46.java</file>
            <file>file:/C:/Users/ljapo/OneDrive/Documents/NetBeansProjects/JavaApplication46/src/javaapplication46/Login.java</file>
            <file>file:/C:/Users/ljapo/OneDrive/Documents/NetBeansProjects/JavaApplication46/src/javaapplication46/signup.java</file>
            <file>file:/C:/Users/ljapo/OneDrive/Documents/NetBeansProjects/JavaApplication46/src/javaapplication46/dashBoard.java</file>
        </group>
    </open-files>
</project-private>
